Name,Population,Population Density,Median Age,Per Capita Income,Poverty Count,Poverty Rate,Total Area (square mi.)
"Los Angeles County, California",10098052.0,12298.88898903117,36.2,32469.0,1589956.0,15.745175406108029,821.0540000000002
"Orange County, California",3164182.0,3935.241392776437,37.8,39590.0,359503.0,11.361641018120956,804.063
"San Francisco County, California",870044.0,183.1239021014405,38.2,64157.0,92979.0,10.686700902483093,4751.1219999999985
"Marin County, California",260295.0,314.29344197171906,46.5,69275.0,19341.0,7.4304154901169825,828.191
"Alameda County, California",1643700.0,1733.8662464121724,37.4,44283.0,170884.0,10.396301028168157,947.997
"Contra Costa County, California",1133247.0,4887.002458062012,39.4,45524.0,102543.0,9.048601055198029,231.89
"San Mateo County, California",765935.0,1033.7104582317193,39.6,57375.0,53387.0,6.970173709257313,740.957
